Retorno_Anualizado_%,Volatilidade_Anualizada_%,Indice_Sharpe,Intensidade_Carbono_Carteira
12.66,16.19,0.133,41.27
12.91,16.49,0.146,36.14
11.02,17.9,0.029,35.84
15.3,17.43,0.275,38.29
9.04,17.08,-0.086,39.54
14.32,16.6,0.23,22.85
13.78,16.47,0.199,44.71
13.64,16.72,0.188,31.1
12.36,16.45,0.113,43.74
15.71,15.87,0.328,25.96
16.13,16.39,0.343,31.81
13.4,17.05,0.17,41.67
11.94,15.57,0.092,35.65
17.37,16.43,0.418,49.17
14.95,14.88,0.299,29.53
17.14,15.64,0.424,39.78
11.29,17.06,0.047,35.1
15.23,16.83,0.281,40.8
11.01,16.27,0.031,36.82
12.49,16.15,0.123,45.14
16.55,15.74,0.384,26.08
16.05,16.19,0.342,43.7
12.39,16.31,0.116,47.88
11.46,17.92,0.053,31.93
10.25,17.17,-0.015,42.62
10.13,16.45,-0.023,37.81
13.66,16.12,0.196,33.47
13.55,15.59,0.195,38.38
17.28,15.47,0.438,39.12
10.27,17.67,-0.013,41.34
12.62,17.69,0.12,39.51
15.28,16.86,0.284,31.9
15.03,16.5,0.274,32.67
9.35,16.51,-0.07,41.3
13.65,16.64,0.189,42.11
10.61,18.47,0.006,44.33
14.74,15.81,0.268,30.99
9.57,18.35,-0.051,52.21
14.61,17.16,0.24,42.27
11.52,16.5,0.062,41.86
10.43,18.45,-0.004,35.13
15.47,16.44,0.302,38.79
8.43,16.37,-0.127,33.12
8.12,18.86,-0.126,39.47
12.12,16.73,0.097,34.45
10.74,15.98,0.015,22.48
17.03,16.03,0.407,41.76
10.68,18.18,0.01,44.39
13.54,17.9,0.17,43.94
15.14,17.42,0.266,52.56
14.11,15.73,0.229,44.17
11.06,16.26,0.035,36.96
17.6,15.54,0.457,34.22
13.83,16.48,0.202,27.49
14.87,15.98,0.274,39.48
17.4,17.15,0.402,37.09
11.52,18.16,0.056,47.58
12.85,16.98,0.138,33.9
17.78,16.65,0.437,21.56
16.76,16.79,0.373,29.25
11.41,18.2,0.05,57.76
15.5,19.08,0.262,45.41
14.5,16.02,0.25,35.35
11.99,16.02,0.093,31.33
7.89,18.25,-0.143,53.09
14.98,16.03,0.28,42.85
13.89,16.44,0.206,28.48
11.3,18.66,0.043,49.99
15.16,16.75,0.278,35.42
10.74,16.62,0.014,40.39
8.58,18.1,-0.106,48.75
11.29,16.02,0.049,39.49
11.56,16.7,0.063,30.83
10.74,16.79,0.014,37.75
10.82,17.57,0.018,45.3
10.62,17.46,0.007,47.92
9.43,16.62,-0.064,50.3
15.96,16.67,0.327,46.33
11.24,17.14,0.043,46.6
9.67,17.08,-0.049,49.89
10.73,16.13,0.015,35.53
15.41,15.5,0.317,26.86
12.47,17.81,0.111,42.31
13.8,16.49,0.2,49.67
9.74,16.68,-0.046,45.77
10.75,16.64,0.015,33.75
14.39,17.5,0.222,46.11
11.1,15.49,0.039,33.83
18.68,16.26,0.503,33.77
15.45,15.51,0.319,23.18
10.94,17.25,0.025,42.76
12.58,16.7,0.125,37.81
14.81,15.51,0.278,30.94
12.87,16.04,0.148,35.72
12.5,16.24,0.123,44.95
14.95,15.74,0.282,36.45
12.4,16.42,0.116,46.17
13.35,16.66,0.171,37.43
15.9,16.31,0.331,44.99
13.84,16.19,0.206,40.58
14.24,15.83,0.236,36.1
12.77,18.85,0.121,34.43
15.6,15.38,0.331,37.65
7.85,17.59,-0.151,41.74
15.21,17.98,0.262,30.64
16.86,15.44,0.412,33.83
13.71,17.2,0.187,26.92
18.38,17.39,0.453,51.52
15.6,16.82,0.303,36.79
13.86,16.67,0.201,34.28
15.84,16.08,0.332,32.12
12.69,16.51,0.133,31.34
14.78,16.18,0.265,25.74
16.26,15.61,0.369,42.77
11.42,16.59,0.056,45.04
11.91,17.02,0.083,32.08
9.88,16.13,-0.038,32.49
14.85,16.65,0.261,37.94
11.43,16.64,0.056,36.02
6.81,17.36,-0.213,43.16
13.55,16.8,0.181,49.64
14.6,16.3,0.252,37.74
12.38,16.87,0.111,39.13
13.86,16.92,0.199,42.02
15.51,17.13,0.292,35.21
16.72,16.37,0.38,36.33
10.75,16.28,0.016,40.72
15.37,15.79,0.309,33.61
13.62,17.47,0.178,22.24
18.67,16.65,0.491,42.74
12.67,16.61,0.131,44.98
11.43,15.99,0.058,28.18
17.28,17.24,0.393,42.29
14.73,16.16,0.262,23.98
14.47,17.12,0.232,34.58
12.58,15.91,0.131,35.73
15.43,15.24,0.324,30.77
11.97,16.51,0.089,36.8
15.84,17.03,0.314,43.42
11.51,17.96,0.056,51.76
13.44,16.56,0.177,51.57
14.78,20.35,0.21,55.53
14.3,18.48,0.205,49.29
13.41,15.24,0.191,40.4
15.81,16.01,0.332,43.22
10.12,16.4,-0.023,38.42
16.95,16.08,0.401,45.79
11.59,16.31,0.067,39.42
13.42,16.24,0.18,41.04
14.52,16.99,0.236,50.63
13.0,16.33,0.153,49.29
14.68,15.47,0.27,41.52
14.89,17.56,0.25,46.72
15.65,15.61,0.33,37.04
17.45,15.81,0.44,37.19
13.68,15.78,0.201,41.14
17.26,16.72,0.404,39.69
13.54,15.85,0.192,40.09
18.56,15.86,0.508,41.87
17.48,17.23,0.405,37.97
9.25,17.26,-0.072,47.81
12.19,15.95,0.106,41.49
10.92,16.2,0.026,35.21
17.51,16.44,0.426,42.99
10.1,17.18,-0.023,43.25
8.18,18.36,-0.127,47.69
15.66,16.35,0.316,36.28
17.39,15.66,0.44,32.08
10.66,16.46,0.01,41.44
16.1,18.79,0.298,52.37
15.48,15.67,0.318,40.39
7.5,19.62,-0.153,46.32
15.29,17.27,0.278,54.92
10.26,17.55,-0.013,37.94
14.07,18.64,0.192,31.3
15.44,16.66,0.296,40.61
11.05,15.86,0.035,39.02
16.34,15.24,0.383,35.73
12.98,16.28,0.152,35.96
11.98,16.23,0.091,23.05
12.02,16.71,0.091,26.1
8.37,18.32,-0.116,41.92
12.74,17.21,0.13,41.62
14.48,17.16,0.232,32.39
18.06,17.13,0.441,43.04
16.1,15.84,0.354,40.02
16.7,17.49,0.354,33.9
14.98,15.55,0.288,35.55
13.33,17.07,0.166,42.29
15.07,17.02,0.268,44.55
17.34,16.1,0.425,34.4
12.67,16.06,0.135,35.6
16.87,16.3,0.391,34.16
12.32,16.7,0.109,31.69
16.72,16.4,0.379,35.51
15.01,17.06,0.264,44.53
14.27,17.26,0.218,29.01
10.82,18.27,0.018,50.18
13.01,15.72,0.16,45.37
16.44,16.32,0.364,30.5
11.7,16.55,0.072,38.56
15.4,16.77,0.292,44.3
14.31,15.41,0.247,37.38
15.92,15.94,0.34,28.1
14.54,17.76,0.228,30.73
14.37,16.41,0.236,39.72
10.08,17.72,-0.024,34.35
14.04,17.13,0.207,42.53
12.58,17.34,0.12,45.33
10.43,16.82,-0.004,38.85
15.18,15.39,0.304,41.78
16.63,16.06,0.382,45.87
16.09,16.87,0.332,35.5
14.51,17.56,0.228,45.79
13.79,16.75,0.196,40.39
13.35,16.13,0.177,44.34
11.7,17.09,0.07,35.45
9.73,17.12,-0.045,43.94
11.63,17.38,0.065,50.95
10.4,16.19,-0.006,38.61
14.42,17.23,0.228,43.86
13.79,16.22,0.203,33.81
9.1,16.63,-0.084,37.91
15.21,15.69,0.3,27.68
14.33,16.49,0.232,31.65
15.43,15.95,0.309,33.38
14.15,15.65,0.234,33.54
14.51,16.79,0.239,35.94
11.36,16.4,0.052,42.64
14.07,15.62,0.228,31.41
17.6,16.3,0.436,28.6
18.04,15.76,0.479,31.47
14.16,17.41,0.21,29.29
11.91,15.8,0.089,38.24
14.79,17.32,0.247,34.62
15.99,15.67,0.351,28.01
17.31,16.26,0.419,48.32
15.59,15.73,0.324,38.88
12.96,16.44,0.15,38.29
19.91,18.26,0.515,45.78
14.57,18.22,0.224,47.79
14.37,18.36,0.211,32.93
11.31,17.67,0.046,49.02
17.13,16.59,0.399,28.41
15.67,15.25,0.339,25.81
15.14,15.77,0.294,36.88
16.86,15.96,0.399,31.07
13.31,16.39,0.171,36.17
11.47,17.25,0.056,38.09
12.45,16.88,0.115,45.59
13.25,15.67,0.176,42.41
13.13,18.02,0.146,43.67
17.36,16.23,0.422,44.29
14.66,17.45,0.238,43.56
11.13,16.8,0.038,25.72
10.14,16.84,-0.021,35.52
14.98,17.58,0.255,50.05
11.16,16.02,0.041,41.45
14.21,16.67,0.223,39.94
10.21,16.81,-0.017,27.72
9.71,18.8,-0.042,35.53
13.62,16.37,0.191,40.98
10.97,16.8,0.028,32.93
12.88,16.69,0.143,47.54
11.03,16.07,0.033,42.52
15.4,16.23,0.302,45.56
13.75,16.38,0.198,36.98
20.36,16.23,0.608,30.98
14.45,16.35,0.242,41.65
15.98,16.65,0.329,45.26
15.64,18.3,0.281,28.14
8.49,16.65,-0.121,38.87
15.8,16.18,0.327,28.48
12.74,16.66,0.134,36.29
13.92,18.17,0.188,50.2
14.72,16.65,0.253,36.26
10.3,18.18,-0.011,49.23
15.97,17.51,0.312,33.76
16.46,16.18,0.368,44.33
12.12,17.88,0.091,35.81
13.33,16.28,0.174,34.12
15.39,17.18,0.284,30.45
11.69,17.4,0.068,29.64
11.18,17.72,0.038,42.28
14.54,15.66,0.258,32.93
10.96,16.48,0.028,24.34
13.1,15.62,0.167,32.37
15.73,16.45,0.318,27.88
9.61,18.57,-0.048,51.53
9.72,17.18,-0.045,29.86
15.31,16.07,0.299,38.99
9.99,16.41,-0.031,39.62
10.61,16.89,0.006,41.69
13.69,16.4,0.194,37.6
17.11,15.63,0.423,44.53
15.11,15.68,0.294,37.23
13.43,16.73,0.175,43.5
16.42,16.13,0.367,47.89
13.04,17.45,0.146,44.11
11.52,17.89,0.057,44.13
12.27,17.12,0.104,31.71
16.47,15.53,0.385,41.96
10.99,16.27,0.03,47.58
13.11,16.01,0.163,41.18
13.86,17.02,0.198,35.13
15.13,17.55,0.264,45.15
15.68,16.32,0.317,42.52
14.67,16.51,0.253,41.33
14.45,17.12,0.231,31.31
11.66,16.13,0.072,30.97
13.87,16.69,0.202,41.17
11.47,17.69,0.055,32.83
15.03,17.69,0.256,52.98
10.83,16.05,0.021,30.25
11.72,16.01,0.076,40.95
13.03,16.92,0.15,38.82
10.16,17.36,-0.02,48.3
10.74,16.6,0.014,53.67
14.1,17.8,0.202,54.55
12.47,15.55,0.127,34.04
12.45,16.04,0.122,40.23
14.59,17.22,0.237,48.92
8.35,19.2,-0.112,38.25
13.02,16.72,0.151,46.34
15.79,16.08,0.329,43.28
16.59,16.0,0.381,49.54
17.87,16.57,0.445,48.43
15.09,16.55,0.278,43.75
13.46,16.11,0.184,38.11
19.62,16.05,0.569,41.0
13.92,16.65,0.205,34.3
13.36,18.12,0.158,44.38
15.14,15.95,0.291,38.05
14.01,16.36,0.214,42.51
14.04,17.31,0.204,28.9
13.7,16.16,0.198,46.38
17.92,16.59,0.447,35.48
15.43,16.33,0.302,38.45
8.42,18.08,-0.115,46.34
13.95,16.27,0.212,36.25
12.7,16.98,0.13,34.82
14.13,17.31,0.21,33.18
15.01,16.84,0.268,40.71
15.32,16.62,0.29,42.68
13.45,16.37,0.18,34.0
16.9,15.98,0.4,40.68
9.22,17.39,-0.074,42.16
13.62,16.32,0.191,37.74
15.05,16.24,0.28,31.41
15.0,15.42,0.292,39.19
14.66,17.01,0.244,35.18
15.32,17.23,0.28,27.1
10.79,16.85,0.017,52.87
12.28,16.98,0.105,35.63
18.53,16.51,0.487,39.14
11.69,16.07,0.074,34.18
11.93,16.95,0.085,49.19
15.99,16.21,0.339,36.49
12.47,15.3,0.129,29.02
13.9,16.19,0.21,37.95
13.23,17.09,0.16,58.24
12.09,16.05,0.099,40.16
11.75,16.47,0.076,45.82
11.42,16.42,0.056,34.02
16.99,16.02,0.405,45.37
13.43,16.51,0.177,46.74
15.77,16.08,0.328,37.77
16.42,17.98,0.329,46.36
15.0,15.95,0.282,26.6
13.35,15.9,0.179,39.17
15.39,16.17,0.302,39.16
18.61,16.69,0.486,31.33
13.99,18.44,0.189,33.33
11.16,16.4,0.04,44.46
13.44,16.1,0.183,41.66
14.47,15.92,0.249,38.08
14.4,15.71,0.248,30.58
12.89,16.34,0.146,42.31
17.9,15.86,0.467,44.95
10.87,16.98,0.022,41.55
10.5,16.66,0.0,23.71
10.5,16.62,0.0,43.44
12.88,16.5,0.144,40.98
14.65,16.42,0.253,42.99
9.08,16.98,-0.084,40.87
16.86,15.55,0.409,42.61
10.08,16.63,-0.026,34.95
7.93,16.8,-0.153,42.27
13.96,16.57,0.209,36.67
14.17,16.76,0.219,40.8
16.58,16.64,0.366,35.46
16.15,16.76,0.337,48.45
17.42,16.06,0.431,31.69
14.3,16.35,0.232,32.46
11.79,15.49,0.083,31.37
10.51,17.01,0.001,29.22
8.64,18.56,-0.1,42.25
10.96,16.27,0.028,31.25
15.16,17.53,0.266,39.43
14.39,17.63,0.221,39.86
11.96,17.04,0.086,32.17
14.31,16.16,0.236,39.11
13.78,17.2,0.191,37.31
8.76,16.72,-0.104,44.1
12.39,16.51,0.114,36.79
17.68,15.92,0.451,41.1
17.41,16.88,0.409,48.03
14.11,16.84,0.214,35.59
12.17,16.45,0.101,34.43
13.32,16.54,0.171,21.02
12.52,17.28,0.117,45.04
15.76,15.76,0.334,43.68
12.82,16.05,0.145,30.09
16.41,15.81,0.374,43.34
15.69,17.44,0.297,47.05
12.81,17.0,0.136,54.15
16.85,16.81,0.378,28.56
12.91,16.65,0.145,34.7
11.41,17.47,0.052,44.72
16.63,15.95,0.384,33.19
9.39,15.9,-0.07,27.55
12.99,18.63,0.134,39.58
12.76,16.3,0.139,31.91
9.86,16.37,-0.039,37.7
13.81,17.68,0.187,43.23
10.01,16.57,-0.03,43.69
15.77,17.0,0.31,47.98
14.36,16.07,0.24,30.68
13.7,16.44,0.195,47.98
15.4,15.99,0.306,38.57
16.44,16.07,0.37,43.28
17.84,15.95,0.46,35.06
14.25,16.67,0.225,35.72
12.8,15.96,0.144,39.54
14.23,16.03,0.233,43.59
12.46,16.14,0.122,31.37
11.22,17.06,0.042,30.24
12.82,16.36,0.142,43.75
16.87,17.2,0.37,29.51
17.36,18.69,0.367,28.04
16.39,16.81,0.35,41.51
14.27,17.04,0.222,34.68
14.96,16.27,0.274,37.9
10.02,16.42,-0.029,39.14
11.62,17.01,0.066,38.99
18.28,15.43,0.504,33.93
17.09,17.95,0.367,45.89
14.86,16.44,0.265,36.68
11.02,18.23,0.029,45.61
15.47,16.1,0.309,32.32
16.63,16.75,0.366,49.53
11.7,16.34,0.074,33.64
14.24,15.65,0.239,31.97
12.82,16.63,0.139,33.28
11.75,18.39,0.068,51.5
12.66,16.4,0.132,49.05
13.58,17.87,0.172,40.51
15.58,16.61,0.306,42.81
14.4,16.98,0.23,37.54
12.98,16.44,0.151,36.71
13.7,17.39,0.184,39.18
12.81,16.31,0.142,52.82
14.87,16.49,0.265,36.17
10.15,17.41,-0.02,47.13
14.22,17.36,0.215,34.83
14.06,15.51,0.229,41.15
14.07,16.53,0.216,40.3
11.62,17.89,0.063,42.6
19.25,17.58,0.498,45.51
13.0,16.67,0.15,45.62
13.87,16.69,0.202,47.79
13.46,15.77,0.188,46.47
10.76,16.83,0.015,47.72
15.58,15.76,0.323,42.22
15.55,16.24,0.311,44.51
15.1,17.21,0.267,43.93
12.71,17.41,0.127,35.77
10.36,17.91,-0.008,35.01
11.95,16.47,0.088,45.42
12.56,16.49,0.125,43.54
16.59,17.41,0.35,46.09
11.1,17.18,0.035,41.76
16.87,15.65,0.407,41.42
17.28,15.36,0.442,25.46
11.7,17.1,0.07,33.99
15.3,16.44,0.292,44.22
12.98,17.45,0.142,45.17
11.76,16.79,0.075,52.09
10.68,17.25,0.01,41.73
19.16,16.33,0.53,48.91
17.52,16.89,0.416,48.5
10.3,18.15,-0.011,38.21
12.98,16.18,0.153,41.16
14.31,15.94,0.239,45.13
13.76,16.95,0.192,45.04
12.84,16.45,0.142,43.75
12.62,16.14,0.132,45.08
12.74,16.23,0.138,18.18
14.87,15.43,0.283,40.91
10.09,17.97,-0.023,40.45
17.08,15.44,0.426,35.0
14.12,16.67,0.217,46.51
16.71,17.09,0.363,28.57
11.5,16.23,0.061,49.44
13.78,15.82,0.207,36.15
12.41,17.73,0.108,41.95
15.93,16.67,0.326,30.16
17.16,16.67,0.399,35.84
11.77,17.67,0.072,40.04
9.82,17.57,-0.039,40.05
16.02,16.78,0.329,49.27
11.62,16.46,0.068,33.22
16.35,16.5,0.354,41.77
18.58,17.3,0.467,48.95
10.1,16.64,-0.024,37.08
15.0,16.09,0.28,33.81
11.15,18.39,0.036,44.39
13.24,17.66,0.155,51.26
12.08,17.1,0.093,38.17
11.25,16.63,0.045,31.92
15.21,16.24,0.29,34.37
11.28,15.84,0.049,28.82
14.1,15.68,0.229,44.51
16.07,14.87,0.375,31.37
13.46,15.49,0.191,35.34
17.22,17.08,0.393,40.56
16.13,17.86,0.315,39.52
13.81,17.27,0.192,46.36
13.73,15.95,0.202,35.09
16.84,17.56,0.361,39.76
13.78,16.41,0.2,44.86
13.64,15.46,0.203,34.3
10.61,17.15,0.007,40.28
12.86,18.98,0.124,40.42
17.67,17.7,0.405,37.07
12.7,16.5,0.133,39.6
11.33,17.27,0.048,36.73
11.57,17.05,0.063,39.0
14.01,17.03,0.206,51.79
16.96,16.35,0.395,41.46
12.09,16.49,0.097,37.06
11.93,17.01,0.084,38.18
13.93,16.51,0.208,44.94
14.87,16.98,0.258,42.79
9.28,16.2,-0.075,37.79
16.37,17.21,0.341,55.25
10.15,16.61,-0.021,45.9
8.57,16.76,-0.115,43.34
13.43,16.87,0.174,42.68
13.34,16.1,0.176,44.75
14.46,15.46,0.256,41.85
10.6,16.05,0.006,37.67
16.86,15.49,0.41,30.04
12.31,15.79,0.115,40.47
18.35,16.01,0.491,23.15
15.46,16.55,0.3,37.18
16.82,16.14,0.392,47.57
14.35,15.82,0.244,39.83
14.99,16.41,0.274,46.99
11.74,16.31,0.076,46.2
8.13,16.68,-0.142,46.74
11.91,17.24,0.082,36.88
9.0,17.47,-0.086,32.14
11.67,15.61,0.075,28.08
14.81,16.57,0.26,40.45
11.29,16.28,0.048,47.64
13.68,16.24,0.196,41.66
18.93,16.44,0.513,32.28
10.87,16.59,0.023,41.58
15.32,17.0,0.283,42.18
18.31,16.46,0.475,47.45
15.79,15.71,0.337,23.56
13.98,18.26,0.191,47.78
15.37,15.74,0.309,30.46
10.74,16.17,0.015,41.11
15.49,16.0,0.312,35.28
17.56,17.16,0.411,34.8
10.24,16.91,-0.016,37.61
7.82,18.75,-0.143,43.26
11.16,17.12,0.039,36.3
12.36,16.29,0.114,45.67
12.43,17.4,0.111,43.96
13.58,15.73,0.196,34.01
15.23,15.88,0.298,36.95
18.17,17.37,0.441,45.79
14.35,16.82,0.229,29.44
14.83,16.71,0.259,45.97
13.18,15.73,0.17,41.48
11.58,16.19,0.067,42.21
14.14,16.3,0.223,43.6
8.52,16.42,-0.12,34.75
14.99,15.16,0.296,37.19
10.81,16.64,0.018,47.97
11.34,16.73,0.05,36.24
18.2,16.99,0.453,45.78
11.09,17.62,0.033,50.86
12.55,17.03,0.12,43.53
12.31,17.59,0.103,35.96
13.7,16.28,0.196,50.34
7.79,17.15,-0.158,40.4
10.63,17.78,0.007,35.08
12.57,17.05,0.122,27.71
12.04,16.98,0.091,34.65
16.07,15.39,0.362,41.25
14.91,18.18,0.242,50.54
15.52,16.53,0.304,42.47
10.76,16.5,0.016,32.2
13.83,15.66,0.213,38.19
11.18,17.09,0.04,33.87
11.22,16.79,0.043,42.77
14.26,15.96,0.235,42.36
11.96,15.69,0.093,37.14
13.9,17.35,0.196,36.55
11.75,16.56,0.075,50.16
16.36,15.94,0.367,46.9
13.74,15.84,0.205,49.33
9.37,16.71,-0.068,37.4
13.33,16.34,0.173,35.48
7.8,16.96,-0.159,32.19
15.08,15.29,0.3,24.59
9.66,17.53,-0.048,27.8
14.64,17.9,0.231,33.23
9.14,17.37,-0.078,41.78
12.07,17.06,0.092,45.9
13.44,16.73,0.176,33.02
11.27,17.43,0.044,46.14
15.59,16.1,0.316,38.06
12.32,17.61,0.103,37.72
11.52,16.33,0.062,39.3
15.55,18.35,0.275,37.15
13.97,15.89,0.218,40.73
9.52,17.43,-0.056,36.35
11.08,15.84,0.037,33.26
11.08,17.94,0.033,36.58
13.8,15.72,0.21,42.86
13.41,17.94,0.162,49.0
14.27,17.29,0.218,50.1
13.11,15.74,0.166,45.41
12.26,16.23,0.109,42.41
18.37,16.1,0.489,42.29
10.59,17.17,0.005,42.49
11.11,16.91,0.036,47.11
13.87,15.37,0.219,40.62
16.62,15.88,0.385,28.61
15.39,16.25,0.301,42.23
17.84,15.42,0.476,26.75
18.46,16.78,0.474,43.68
13.37,16.75,0.171,27.97
12.8,16.17,0.142,44.62
21.97,16.48,0.696,39.55
8.76,18.03,-0.097,56.6
12.63,16.25,0.131,38.42
9.76,18.67,-0.04,49.36
12.12,16.0,0.102,40.58
16.41,15.3,0.386,33.29
16.59,18.27,0.333,48.61
10.55,16.08,0.003,44.76
9.6,16.91,-0.053,44.63
17.68,16.39,0.438,33.67
16.19,16.83,0.338,42.72
14.09,16.39,0.219,38.57
11.3,18.11,0.044,43.05
16.07,15.94,0.349,45.52
15.37,15.48,0.314,36.53
11.98,15.62,0.095,42.3
12.53,16.72,0.122,34.64
14.08,16.27,0.22,28.98
9.98,18.02,-0.029,44.79
17.79,16.16,0.451,29.58
12.81,16.51,0.14,36.37
12.51,16.5,0.122,45.68
17.13,16.42,0.404,31.79
17.58,16.84,0.421,45.38
14.09,16.48,0.218,44.18
11.53,18.08,0.057,44.11
8.57,17.61,-0.109,49.68
13.05,17.94,0.142,46.05
12.56,17.17,0.12,39.64
12.52,16.77,0.12,44.64
15.32,15.24,0.316,36.13
10.96,17.28,0.027,44.04
13.32,16.39,0.172,49.0
11.63,17.15,0.066,34.64
18.01,15.39,0.488,38.48
17.58,17.14,0.413,34.22
11.75,16.63,0.075,42.0
16.92,17.04,0.377,45.52
17.24,17.79,0.379,37.96
15.92,17.2,0.315,34.03
13.68,16.82,0.189,32.11
11.63,16.96,0.066,53.26
11.97,16.31,0.09,42.16
15.77,15.86,0.332,44.2
16.29,17.42,0.332,41.51
13.27,19.01,0.145,30.85
16.32,16.48,0.353,47.02
14.04,15.57,0.227,38.5
11.1,16.82,0.036,41.25
16.52,15.74,0.383,24.48
15.36,16.25,0.299,40.9
14.56,16.33,0.248,31.54
14.1,18.28,0.197,43.04
13.36,16.07,0.178,28.39
12.83,16.86,0.138,40.67
19.05,16.12,0.531,32.39
15.75,15.9,0.331,42.64
11.24,16.25,0.046,24.72
15.44,16.04,0.308,47.13
15.5,15.45,0.323,30.38
14.68,16.75,0.249,43.54
14.84,17.58,0.247,44.95
13.1,17.35,0.15,39.17
15.16,16.17,0.288,40.2
11.55,16.91,0.062,39.02
16.6,16.46,0.371,36.98
12.16,16.1,0.103,35.67
16.37,15.11,0.388,30.04
10.45,15.66,-0.003,37.27
11.03,16.85,0.031,41.07
15.34,17.42,0.278,48.43
20.3,16.92,0.579,46.23
10.56,17.18,0.004,54.56
14.05,17.7,0.2,41.33
10.21,16.87,-0.017,49.56
13.6,15.29,0.203,40.06
12.87,17.3,0.137,33.5
20.1,17.35,0.553,40.48
13.21,18.78,0.144,42.0
11.81,17.31,0.076,53.89
9.58,17.99,-0.051,44.95
6.91,18.08,-0.199,39.8
10.33,17.92,-0.009,44.52
11.67,15.62,0.075,40.42
15.0,16.82,0.268,37.46
15.41,15.92,0.308,43.04
10.44,16.54,-0.004,48.55
14.73,15.29,0.277,39.17
11.08,15.99,0.037,34.12
15.44,16.1,0.307,35.25
13.0,16.23,0.154,38.7
13.14,15.68,0.168,42.08
14.92,15.97,0.277,37.64
14.8,17.1,0.251,45.21
6.6,19.64,-0.199,36.17
10.52,17.24,0.001,38.02
13.76,16.74,0.195,32.59
12.88,15.87,0.15,38.72
14.15,16.9,0.216,39.56
11.8,16.78,0.078,49.5
18.06,16.38,0.461,42.49
13.28,17.83,0.156,46.69
12.41,18.75,0.102,32.85
11.38,16.29,0.054,37.52
14.73,17.07,0.248,42.94
13.23,16.51,0.165,49.51
15.65,16.21,0.318,39.4
11.17,17.38,0.039,33.97
10.29,16.53,-0.013,51.08
11.27,17.31,0.045,37.6
9.71,18.88,-0.042,37.51
11.31,16.17,0.05,31.79
11.63,17.22,0.066,45.97
12.68,16.32,0.133,43.92
15.69,15.33,0.338,22.69
11.78,16.98,0.076,43.11
13.05,16.88,0.151,47.1
12.36,16.42,0.113,42.98
12.57,15.52,0.133,27.13
11.84,16.32,0.082,39.71
14.4,16.56,0.235,35.02
13.06,15.62,0.164,41.74
8.74,18.24,-0.097,55.32
16.44,16.73,0.355,40.16
8.1,17.48,-0.137,39.92
13.94,16.51,0.208,40.92
8.31,18.04,-0.121,44.82
15.62,16.09,0.318,38.36
13.05,16.4,0.156,46.26
17.6,16.81,0.422,38.21
17.89,15.59,0.474,31.95
11.07,16.6,0.034,35.8
9.53,17.94,-0.054,56.37
10.89,16.79,0.023,35.71
11.13,16.23,0.039,48.63
14.13,16.24,0.224,29.15
15.38,16.02,0.305,27.5
7.45,19.32,-0.158,37.14
13.29,16.15,0.173,30.51
9.46,17.2,-0.061,38.0
13.47,16.46,0.181,43.41
7.93,17.43,-0.147,41.34
13.19,15.96,0.168,33.42
14.91,16.4,0.269,38.63
13.9,15.35,0.222,34.87
13.3,16.45,0.17,41.05
15.52,16.38,0.306,29.22
19.04,16.22,0.527,43.65
13.54,15.44,0.197,41.07
12.78,17.27,0.132,50.94
10.21,17.72,-0.016,42.13
13.01,16.15,0.156,31.61
14.61,16.5,0.249,41.87
13.64,16.03,0.196,41.19
17.59,16.41,0.432,48.36
14.23,16.61,0.224,35.98
17.33,16.45,0.415,38.54
20.19,16.05,0.604,36.74
16.41,15.45,0.382,35.83
14.6,16.58,0.247,48.95
13.56,16.89,0.181,33.53
15.51,17.38,0.288,40.97
15.44,15.23,0.324,33.9
11.33,16.75,0.05,43.64
15.47,15.66,0.318,32.92
17.56,16.22,0.435,33.91
16.16,15.46,0.366,39.21
12.95,16.31,0.15,32.74
15.27,15.76,0.303,23.62
10.72,16.96,0.013,47.29
13.18,16.27,0.165,33.14
18.75,16.93,0.487,26.88
13.08,16.32,0.158,44.98
12.81,16.58,0.139,39.34
9.4,16.49,-0.067,38.66
11.64,17.49,0.065,48.09
11.21,16.71,0.043,41.51
19.41,16.72,0.533,49.27
11.05,17.25,0.032,35.95
15.17,17.03,0.274,30.2
14.6,16.28,0.252,38.4
13.4,16.42,0.176,38.93
11.71,16.33,0.074,48.34
7.64,18.39,-0.155,48.75
15.68,15.56,0.333,38.69
16.16,16.6,0.341,37.78
13.12,15.38,0.17,25.67
11.06,16.91,0.033,37.14
15.08,16.6,0.276,39.62
11.24,16.23,0.045,34.73
15.08,16.55,0.277,44.33
15.53,16.53,0.304,31.91
11.23,16.13,0.045,37.45
9.3,17.4,-0.069,39.49
17.77,16.7,0.435,38.43
11.21,16.38,0.043,45.52
17.19,16.51,0.405,39.5
16.34,15.72,0.371,23.47
15.94,18.03,0.302,50.83
14.17,16.94,0.217,30.24
9.68,16.28,-0.05,34.16
8.87,17.8,-0.092,41.96
12.83,15.65,0.149,44.83
14.78,15.98,0.268,47.61
14.7,15.86,0.265,42.63
12.71,15.76,0.14,29.14
13.33,17.32,0.163,45.05
11.77,15.78,0.08,35.51
19.08,16.31,0.526,30.63
13.46,15.91,0.186,42.08
15.21,15.99,0.295,39.29
15.18,16.42,0.285,44.29
11.7,17.14,0.07,26.95
10.42,15.98,-0.005,39.08
10.64,16.91,0.008,46.86
14.49,17.2,0.232,35.77
14.62,16.22,0.254,46.66
14.85,16.3,0.267,45.03
10.37,16.9,-0.008,35.69
11.98,17.12,0.087,31.9
12.98,16.3,0.152,44.34
13.1,15.68,0.166,36.92
14.02,16.88,0.209,40.01
15.42,17.09,0.288,33.67
12.3,17.74,0.102,37.99
16.19,17.69,0.322,24.36
16.7,17.83,0.348,37.23
9.72,17.12,-0.046,34.25
17.59,16.47,0.43,41.23
13.88,15.68,0.216,38.92
14.18,15.71,0.234,34.82
12.66,15.96,0.135,27.18
14.14,16.88,0.216,38.28
16.95,16.71,0.386,36.95
16.68,16.66,0.371,35.62
7.98,16.46,-0.153,32.7
16.27,16.25,0.355,38.99
9.97,16.79,-0.032,36.17
20.82,17.42,0.592,28.99
13.28,16.5,0.168,34.36
13.84,15.75,0.212,40.49
14.04,15.92,0.223,41.64
11.51,16.12,0.063,38.31
13.31,16.31,0.173,43.85
12.29,16.83,0.106,39.02
11.04,15.9,0.034,37.55
12.09,16.16,0.098,49.22
11.87,17.24,0.08,38.52
11.63,17.51,0.065,45.78
9.65,16.78,-0.051,42.22
12.43,16.74,0.115,49.69
15.5,15.83,0.316,35.83
14.47,16.9,0.235,50.77
14.23,17.32,0.216,42.45
10.78,16.95,0.016,37.01
15.3,16.82,0.286,46.92
12.23,16.88,0.102,32.28
14.56,15.88,0.255,21.85
10.81,16.31,0.019,35.68
12.93,15.54,0.156,41.58
12.51,18.32,0.11,42.41
12.01,15.71,0.096,39.19
12.19,16.21,0.104,45.52
12.2,16.56,0.102,41.79
15.68,16.37,0.316,40.73
16.64,16.09,0.382,37.24
11.35,15.91,0.053,44.24
15.82,16.3,0.326,28.87
10.39,17.44,-0.006,38.15
14.31,17.36,0.22,47.9
15.73,15.52,0.337,38.5
16.88,15.82,0.403,38.75
8.83,16.74,-0.1,37.86
14.19,17.13,0.216,43.64
18.64,17.16,0.475,39.15
12.26,16.38,0.107,31.6
16.29,18.1,0.32,39.04
19.16,15.36,0.564,26.91
16.46,15.86,0.376,25.03
14.06,16.56,0.215,33.44
12.73,16.84,0.133,37.13
17.07,15.59,0.422,32.05
16.14,15.86,0.356,46.2
11.47,17.1,0.057,42.27
12.81,15.21,0.152,35.61
10.06,16.51,-0.026,42.86
10.91,18.02,0.023,49.93
11.55,16.64,0.063,44.47
10.09,16.51,-0.025,42.91
12.82,17.13,0.135,44.61
14.02,16.24,0.217,23.57
12.72,15.93,0.139,37.63
16.54,16.04,0.377,41.82
15.26,16.41,0.29,38.75
15.7,15.3,0.34,37.01
14.02,16.45,0.214,45.07
15.31,16.63,0.289,41.32
12.9,16.45,0.146,38.39
13.86,16.22,0.207,31.63
17.75,17.05,0.426,30.04
13.94,17.7,0.194,44.83
12.38,15.82,0.119,27.69
14.18,15.66,0.235,39.18
12.51,16.89,0.119,47.38
12.68,15.59,0.14,37.12
17.44,17.02,0.408,53.18
13.46,17.3,0.171,39.17
13.52,15.65,0.193,44.03
12.19,16.43,0.103,41.27
16.5,17.98,0.334,45.18
13.73,15.64,0.207,36.5
13.89,16.9,0.2,46.28
14.01,17.03,0.206,36.74
12.6,15.68,0.134,37.19
12.23,16.77,0.103,33.06
11.1,16.76,0.036,39.92
14.25,16.99,0.22,52.65
12.88,19.42,0.122,52.08
13.09,16.69,0.155,38.14
15.45,16.23,0.305,44.81
13.06,15.94,0.161,40.24
15.21,15.54,0.303,34.61
15.32,16.85,0.286,41.57
10.11,16.65,-0.023,27.93
15.76,16.25,0.324,37.3
13.34,16.69,0.17,46.01
11.91,15.92,0.089,42.42
15.06,15.96,0.285,34.35
14.43,15.95,0.247,41.37
12.83,17.31,0.134,27.74
13.14,16.46,0.161,51.49
11.74,16.81,0.074,44.89
14.77,16.35,0.261,35.21
12.97,17.04,0.145,41.66
12.75,16.12,0.139,45.13
11.43,15.97,0.058,36.86
15.19,16.6,0.283,28.19
16.47,16.11,0.37,30.79
17.11,17.26,0.383,47.17
8.81,16.06,-0.105,35.6
14.91,16.02,0.275,34.24
17.76,17.32,0.419,29.86
12.27,17.58,0.1,31.68
14.2,15.96,0.232,46.14
13.79,16.83,0.196,53.96
13.35,16.08,0.177,40.31
10.46,16.2,-0.003,40.44
13.04,16.75,0.152,34.36
13.93,16.83,0.204,45.81
16.9,15.9,0.403,36.42
8.38,16.45,-0.129,37.87
11.79,17.85,0.072,48.58
18.47,16.03,0.497,20.52
16.05,16.54,0.336,49.22
14.28,16.02,0.236,30.98
16.58,17.54,0.347,45.91
13.61,15.93,0.195,34.09
11.06,17.02,0.033,53.8
19.18,15.93,0.545,34.76
9.75,16.79,-0.045,37.96
14.86,16.16,0.27,34.1
16.63,15.88,0.386,25.38
13.88,16.09,0.21,46.17
9.63,17.09,-0.051,46.76
13.0,15.97,0.157,40.0
12.9,17.08,0.14,42.33
17.18,17.87,0.374,47.98
18.26,15.92,0.488,35.76
13.93,15.96,0.215,50.51
13.14,15.65,0.169,32.12
8.49,16.56,-0.121,35.88
14.41,15.65,0.25,42.6
14.27,16.82,0.224,31.46
10.5,15.9,0.0,31.92
14.81,16.58,0.26,37.16
8.39,18.95,-0.111,40.7
16.84,16.83,0.377,38.42
17.35,15.1,0.454,30.23
16.13,16.23,0.347,36.98
13.08,16.2,0.16,31.4
12.8,16.65,0.138,43.1
10.6,16.69,0.006,36.71
15.81,17.25,0.308,32.43
15.58,16.7,0.304,46.83
11.16,16.9,0.039,43.21
14.45,16.33,0.242,42.18
15.07,15.22,0.301,36.59
11.93,15.81,0.09,35.33
16.39,16.92,0.348,41.87
15.48,16.08,0.31,42.83
10.24,16.4,-0.016,37.42
18.11,17.77,0.428,41.15
15.83,16.86,0.316,35.66
14.7,16.77,0.25,42.49
17.4,16.83,0.41,38.91
12.48,15.99,0.124,39.79
16.56,15.45,0.393,26.48
12.46,16.21,0.121,38.43
17.11,17.19,0.384,31.24
8.56,18.34,-0.106,40.56
15.62,16.93,0.303,38.34
15.69,17.43,0.298,43.16
14.05,16.57,0.215,47.79
12.24,17.77,0.098,32.56
16.55,17.14,0.353,33.69
14.56,15.85,0.256,33.02
15.6,16.26,0.313,43.38
8.9,17.86,-0.09,50.98
14.05,15.96,0.222,39.38
12.62,16.76,0.126,35.0
15.39,16.03,0.305,33.1
13.3,16.05,0.174,48.59
11.06,15.8,0.035,34.12
15.47,15.85,0.314,35.76
9.75,17.45,-0.043,39.83
11.99,15.79,0.094,43.33
12.31,16.5,0.11,33.96
17.21,17.48,0.384,32.66
8.42,16.62,-0.125,37.95
13.6,16.69,0.186,34.88
14.7,16.74,0.251,38.6
8.05,16.95,-0.145,39.66
20.9,15.6,0.667,22.06
15.97,15.39,0.356,35.28
13.61,15.25,0.204,29.65
10.36,16.37,-0.008,35.92
11.15,16.37,0.039,41.15
15.86,16.9,0.317,43.17
12.21,16.59,0.103,40.56
17.84,16.33,0.45,29.66
12.23,17.18,0.101,34.81
17.21,16.22,0.414,40.02
13.35,15.53,0.184,34.51
14.73,17.81,0.237,44.36
10.67,17.65,0.01,47.89
9.16,17.34,-0.077,36.67
12.57,16.57,0.125,42.38
8.16,17.97,-0.13,39.15
18.52,16.12,0.498,43.23
12.18,18.56,0.091,38.24
19.25,16.01,0.546,25.71
14.07,16.35,0.218,35.19
16.83,16.52,0.384,37.18
16.81,15.97,0.395,45.55
14.28,15.59,0.242,22.98
12.6,16.84,0.125,44.92
14.49,17.51,0.228,47.45
17.17,16.87,0.395,35.97
13.87,15.64,0.216,39.1
15.65,17.65,0.292,40.71
15.96,15.28,0.357,34.84
8.14,17.42,-0.136,44.3
14.51,16.35,0.245,41.21
12.83,17.6,0.132,33.39
13.91,17.67,0.193,48.37
12.56,16.89,0.122,27.49
16.56,16.24,0.373,41.83
13.56,15.95,0.192,37.07
14.2,16.89,0.219,43.33
14.98,15.44,0.29,38.5
13.5,16.01,0.187,46.76
16.87,15.33,0.415,37.76
11.5,16.97,0.059,44.77
10.56,16.51,0.003,45.93
14.79,15.9,0.27,47.14
10.58,17.08,0.005,44.17
16.58,16.44,0.37,45.91
12.76,17.12,0.132,29.67
14.11,15.98,0.226,29.71
13.65,16.74,0.188,33.38
12.81,16.16,0.143,50.71
15.18,16.44,0.285,31.99
16.97,16.42,0.394,39.4
12.26,15.79,0.112,38.42
9.86,15.99,-0.04,36.97
11.24,17.18,0.043,46.29
11.19,17.78,0.039,34.12
13.24,17.81,0.154,40.91
12.19,17.85,0.095,58.96
18.57,16.15,0.5,43.44
12.53,16.13,0.126,35.6
11.47,17.03,0.057,41.64
15.39,16.33,0.3,42.6
17.49,18.12,0.386,34.34
12.14,17.11,0.096,37.76
12.34,16.75,0.11,43.09
15.91,16.91,0.32,47.84
11.98,16.27,0.091,43.02
16.54,15.67,0.385,28.58
11.25,17.07,0.044,40.98
16.06,16.07,0.346,42.38
15.68,16.93,0.306,37.14
13.05,16.95,0.151,53.74
17.54,15.76,0.447,29.47
14.64,16.49,0.251,44.26
13.12,16.36,0.16,43.45
18.33,17.11,0.457,51.39
18.91,16.37,0.514,47.32
16.85,15.92,0.399,44.61
11.91,16.52,0.085,41.75
15.45,16.19,0.306,40.03
13.25,16.63,0.165,33.86
16.17,17.37,0.327,45.05
13.06,17.99,0.142,48.91
12.83,16.58,0.14,42.2
13.89,15.88,0.214,44.76
14.08,15.57,0.23,39.87
19.16,16.19,0.535,36.91
15.44,16.4,0.301,51.26
15.16,17.33,0.269,43.4
16.18,16.83,0.337,35.94
13.37,16.3,0.176,27.04
8.68,18.33,-0.099,36.11
12.15,15.86,0.104,47.6
12.68,15.43,0.142,31.89
15.27,15.14,0.315,33.16
13.49,16.45,0.182,40.35
13.78,15.8,0.208,29.17
9.23,16.31,-0.078,41.02
17.53,17.31,0.406,43.68
10.63,16.36,0.008,37.12
8.99,16.76,-0.09,49.55
12.42,16.11,0.119,32.96
13.54,16.03,0.19,28.28
11.39,16.63,0.053,40.62
19.03,16.4,0.52,23.09
12.18,16.36,0.103,42.12
14.76,17.41,0.245,20.41
18.05,18.58,0.406,54.67
13.2,16.12,0.167,39.44
13.84,17.22,0.194,32.36
19.58,16.46,0.551,24.38
11.85,17.3,0.078,36.62
14.81,15.5,0.278,24.98
14.43,15.03,0.261,26.74
17.48,15.67,0.445,43.0
15.59,15.85,0.321,40.65
18.8,16.3,0.509,34.94
14.12,16.4,0.221,41.27
18.89,17.3,0.485,44.69
10.88,17.09,0.022,40.84
12.95,16.67,0.147,31.13
13.35,15.84,0.18,38.37
10.92,18.14,0.023,31.4
14.73,15.32,0.276,37.93
15.38,17.48,0.279,45.37
13.48,16.28,0.183,44.29
15.61,15.95,0.32,36.99
7.93,17.29,-0.148,42.72
14.66,18.9,0.22,59.28
18.89,17.3,0.485,43.97
12.2,16.66,0.102,46.75
11.03,16.05,0.033,24.89
14.21,15.23,0.244,33.18
14.78,16.54,0.259,34.17
14.86,16.2,0.269,36.07
15.52,15.62,0.321,36.49
14.49,16.19,0.246,34.78
12.06,16.49,0.095,39.04
10.7,16.39,0.012,47.38
14.12,16.47,0.22,48.2
11.38,16.55,0.053,32.77
16.43,16.15,0.367,45.08
10.06,16.78,-0.027,40.36
12.52,15.95,0.127,48.5
15.39,18.18,0.269,23.57
16.3,16.79,0.346,29.07
11.31,16.25,0.05,40.89
12.22,16.81,0.102,30.94
9.7,16.63,-0.048,40.2
14.44,15.7,0.251,38.06
10.65,15.96,0.009,36.84
14.6,15.19,0.27,28.28
16.72,17.99,0.346,42.5
11.82,16.59,0.08,44.91
16.03,16.71,0.331,46.9
15.5,16.19,0.309,38.33
16.93,17.67,0.364,28.82
12.86,15.72,0.15,36.95
10.47,16.65,-0.002,26.16
11.42,16.41,0.056,33.18
16.12,15.34,0.367,36.03
18.84,15.74,0.53,39.38
9.68,17.77,-0.046,38.76
13.42,16.06,0.182,29.79
11.43,16.43,0.057,29.97
14.28,15.23,0.248,35.52
17.46,15.49,0.45,42.29
15.68,17.93,0.289,49.37
13.21,16.37,0.165,41.79
15.87,15.84,0.339,28.45
19.59,17.52,0.519,46.5
11.61,16.19,0.068,36.94
13.7,16.31,0.196,37.76
11.51,16.74,0.06,29.26
12.25,15.91,0.11,37.26
12.9,15.67,0.153,31.56
14.87,16.28,0.268,37.03
15.84,16.32,0.327,26.23
19.06,16.47,0.52,37.38
9.76,17.84,-0.042,50.45
10.98,16.51,0.029,44.75
14.14,16.0,0.227,40.34
10.08,19.7,-0.021,34.99
8.02,16.73,-0.148,37.91
14.27,16.25,0.232,50.45
13.08,16.5,0.157,46.56
12.1,16.68,0.096,31.05
14.72,17.28,0.244,27.85
12.56,16.2,0.127,40.09
12.83,15.58,0.149,40.0
14.69,16.52,0.254,48.87
19.33,18.46,0.478,42.36
13.72,16.0,0.201,39.99
15.32,16.13,0.299,48.28
14.31,16.43,0.232,41.73
14.96,16.47,0.271,50.52
12.43,15.61,0.124,32.68
10.05,18.78,-0.024,48.39
12.71,17.47,0.127,38.03
12.7,16.82,0.131,34.81
9.48,16.98,-0.06,37.07
10.52,17.19,0.001,40.23
12.38,16.29,0.116,36.33
12.44,17.81,0.109,53.04
17.76,16.31,0.445,31.67
12.05,18.39,0.084,45.77
13.56,16.0,0.191,37.56
12.39,16.67,0.114,42.53
11.6,17.39,0.063,36.85
11.23,16.73,0.044,40.19
16.19,18.07,0.315,41.61
10.18,16.31,-0.019,49.11
18.21,16.64,0.463,31.9
11.17,16.3,0.041,38.29
13.83,15.23,0.219,36.61
13.0,15.66,0.16,36.51
13.77,17.33,0.189,39.87
15.6,16.4,0.311,33.67
13.47,16.66,0.178,44.42
11.26,16.15,0.047,35.97
14.18,16.21,0.227,45.0
16.79,16.04,0.392,30.3
13.85,15.73,0.213,42.1
15.11,16.65,0.277,29.18
10.76,17.15,0.015,39.42
12.66,15.96,0.135,44.3
10.24,17.41,-0.015,48.18
18.46,17.42,0.457,31.85
9.63,17.75,-0.049,33.93
9.41,17.06,-0.064,34.38
9.46,16.04,-0.065,33.3
16.32,16.09,0.362,42.09
17.92,15.64,0.475,21.96
10.49,17.71,-0.001,53.84
12.59,16.91,0.124,39.36
11.72,17.74,0.069,33.18
11.67,16.37,0.072,44.36
14.69,16.37,0.256,45.89
11.92,16.25,0.087,45.86
16.35,19.81,0.295,40.89
11.68,17.29,0.068,42.87
12.17,17.64,0.095,44.2
10.84,16.64,0.02,44.15
12.64,17.9,0.12,36.02
10.71,16.75,0.012,47.59
12.67,19.19,0.113,53.5
16.32,16.31,0.357,44.29
10.88,16.06,0.023,37.4
11.4,18.95,0.047,61.41
11.55,16.3,0.065,34.58
12.12,16.41,0.099,43.23
8.98,16.76,-0.09,43.46
13.81,15.13,0.219,27.43
13.68,18.56,0.171,52.06
14.75,17.45,0.244,43.93
13.67,15.82,0.201,25.08
12.73,17.44,0.128,44.08
15.4,16.17,0.303,48.81
12.57,16.73,0.124,34.68
12.44,16.01,0.121,38.23
12.34,16.45,0.112,43.24
14.6,16.59,0.247,47.51
18.37,15.49,0.508,42.64
11.84,16.42,0.081,38.18
15.1,15.94,0.288,37.99
9.23,17.36,-0.073,38.25
10.66,17.57,0.009,47.87
11.81,16.06,0.081,46.42
14.38,16.75,0.232,39.47
9.06,16.69,-0.086,29.3
12.93,15.37,0.158,39.78
15.35,18.58,0.261,56.16
14.58,16.1,0.254,30.71
9.97,17.69,-0.03,43.59
10.16,17.21,-0.02,35.4
13.06,19.36,0.132,35.75
13.6,15.6,0.199,34.72
16.18,16.43,0.346,50.72
13.99,17.17,0.203,38.03
16.65,15.88,0.387,40.81
8.54,17.69,-0.111,47.75
9.88,15.88,-0.039,31.95
11.19,17.03,0.04,35.87
13.13,16.35,0.161,39.63
9.04,16.96,-0.086,37.22
16.93,16.18,0.397,34.58
13.63,17.37,0.18,52.11
13.21,17.83,0.152,47.9
14.55,17.14,0.236,34.91
15.82,15.59,0.341,38.89
10.84,15.87,0.022,44.0
12.81,17.73,0.13,22.69
15.43,16.87,0.292,47.16
12.81,17.13,0.135,48.51
13.95,15.9,0.217,40.85
11.22,17.67,0.041,32.12
13.03,17.15,0.147,44.44
15.12,17.85,0.259,45.01
15.95,15.2,0.359,35.59
17.52,15.8,0.445,32.09
15.48,16.17,0.308,41.23
11.78,16.03,0.08,35.67
13.27,16.51,0.168,34.37
16.01,15.34,0.359,40.12
9.95,16.52,-0.034,43.28
9.78,17.1,-0.042,47.62
13.49,17.32,0.173,39.72
14.04,16.63,0.213,38.23
14.55,16.53,0.245,46.83
13.83,16.67,0.2,45.94
18.7,15.87,0.516,25.27
15.15,17.05,0.273,37.44
18.87,15.74,0.532,32.52
12.05,15.92,0.097,43.06
13.7,16.22,0.198,41.37
10.88,18.19,0.021,40.68
13.85,16.47,0.204,40.53
15.46,15.57,0.319,43.39
12.8,17.57,0.131,40.35
12.34,17.01,0.108,33.2
13.65,16.48,0.191,35.96
11.63,16.31,0.069,40.69
18.53,19.61,0.409,58.06
14.32,15.54,0.246,42.73
10.66,19.5,0.008,57.63
15.66,16.69,0.309,29.28
13.52,16.61,0.182,42.87
17.24,15.36,0.439,25.75
19.17,17.76,0.488,24.94
15.92,16.22,0.334,46.17
14.65,17.44,0.238,49.03
12.37,16.64,0.112,34.5
16.97,16.01,0.404,24.3
13.39,17.39,0.166,30.9
11.31,20.96,0.039,46.44
11.56,16.39,0.065,44.42
13.07,16.68,0.154,34.01
11.44,16.42,0.058,39.43
13.6,15.89,0.195,34.83
13.18,15.92,0.168,41.77
15.55,16.77,0.301,34.02
12.06,17.77,0.088,34.37
14.38,16.95,0.229,35.56
17.25,17.21,0.392,45.5
13.38,16.02,0.18,29.03
12.36,17.08,0.109,35.25
13.79,17.04,0.193,41.63
15.05,16.38,0.278,28.64
14.17,16.2,0.227,42.88
11.75,16.31,0.076,47.53
12.89,16.56,0.144,32.94
15.6,15.93,0.32,34.04
14.82,16.26,0.266,20.26
13.17,16.97,0.157,34.99
17.35,15.9,0.431,38.37
12.36,16.65,0.112,29.6
15.27,16.2,0.294,36.3
12.34,16.93,0.109,49.31
11.83,16.8,0.079,34.02
16.17,17.48,0.325,45.44
13.43,18.18,0.161,35.2
14.98,19.02,0.235,35.2
15.46,17.66,0.281,33.38
8.48,17.92,-0.113,49.8
19.77,16.31,0.568,33.07
11.1,17.19,0.035,55.92
11.12,15.95,0.039,42.08
14.01,16.02,0.219,27.55
13.78,16.37,0.2,34.52
12.0,17.47,0.086,38.06
14.42,16.93,0.232,48.06
12.64,16.86,0.127,38.32
12.71,17.5,0.126,30.15
15.08,15.81,0.29,33.29
12.82,16.12,0.144,49.23
14.53,16.46,0.245,41.36
15.81,16.76,0.317,33.81
10.96,15.58,0.029,31.74
8.05,17.29,-0.142,43.97
15.53,15.85,0.317,35.99
10.3,16.82,-0.012,45.22
13.41,16.65,0.175,42.05
14.68,16.72,0.25,35.97
15.71,16.47,0.316,38.21
13.28,16.22,0.171,47.29
11.09,16.41,0.036,35.28
12.75,15.8,0.142,42.07
12.31,15.55,0.117,31.08
15.77,16.58,0.318,36.13
12.64,15.79,0.135,40.13
13.36,17.23,0.166,49.77
12.63,17.23,0.123,37.8
12.81,16.4,0.141,31.11
15.31,15.95,0.301,38.55
14.83,15.76,0.275,38.96
12.6,16.3,0.129,45.25
10.82,16.88,0.019,36.63
12.97,15.8,0.156,44.34
16.16,17.25,0.328,44.8
14.37,15.61,0.248,35.06
16.08,16.1,0.346,27.21
14.44,15.86,0.249,39.98
14.87,17.48,0.25,49.71
14.12,16.44,0.22,41.14
13.51,15.72,0.191,39.29
10.47,17.39,-0.002,38.46
14.74,16.18,0.262,29.79
16.42,17.02,0.348,36.61
13.76,15.69,0.208,35.18
12.07,17.15,0.091,41.2
12.16,16.85,0.098,42.99
16.26,15.83,0.364,36.61
14.45,16.52,0.239,55.59
15.15,15.66,0.297,32.31
12.58,17.03,0.122,42.57
12.99,16.7,0.149,41.22
17.15,15.47,0.43,35.33
12.66,17.4,0.124,35.74
13.32,17.86,0.158,46.68
13.21,15.52,0.175,31.44
13.17,18.11,0.147,34.49
14.3,15.81,0.241,41.91
15.0,15.05,0.299,29.84
9.24,17.06,-0.074,47.7
7.78,19.3,-0.141,42.23
12.65,16.3,0.132,40.48
13.45,17.08,0.172,37.79
11.46,17.42,0.055,45.99
15.2,16.13,0.292,45.21
15.36,17.85,0.272,32.34
12.35,16.6,0.112,35.37
15.23,16.72,0.283,40.43
8.09,17.28,-0.139,39.76
12.02,16.87,0.09,37.95
15.18,16.76,0.279,40.32
12.04,16.17,0.095,32.29
10.14,19.35,-0.018,61.85
19.21,17.48,0.498,28.72
14.18,16.07,0.229,40.21
12.96,17.04,0.144,34.85
13.95,18.43,0.187,36.49
11.61,16.26,0.068,35.93
11.63,16.39,0.069,44.16
20.11,17.01,0.565,37.51
11.85,17.0,0.079,34.62
13.81,16.57,0.2,29.93
15.59,16.67,0.305,45.25
16.33,18.17,0.321,34.06
10.02,16.84,-0.028,43.1
11.91,15.67,0.09,41.6
12.95,15.59,0.157,30.92
15.51,16.09,0.311,31.5
13.56,16.26,0.188,38.7
10.31,16.59,-0.012,31.26
12.09,15.91,0.1,34.55
12.58,17.44,0.119,46.4
15.08,15.86,0.289,25.04
13.09,16.27,0.159,48.13
13.3,16.08,0.174,41.18
11.71,16.56,0.073,36.82
13.72,16.14,0.2,36.1
11.12,19.62,0.031,42.6
11.18,16.91,0.04,41.08
12.28,17.92,0.099,29.23
14.59,17.1,0.239,40.41
10.48,16.38,-0.001,38.39
19.65,15.98,0.573,35.22
8.69,16.97,-0.107,41.71
16.44,16.63,0.357,40.88
15.19,16.08,0.292,41.16
18.68,15.98,0.512,32.92
14.84,17.16,0.253,32.16
15.38,17.09,0.286,37.71
14.55,16.13,0.251,28.16
14.57,15.66,0.26,34.56
13.25,16.53,0.166,40.39
14.38,16.5,0.235,46.69
14.03,16.89,0.209,43.09
15.01,16.31,0.276,38.18
14.73,17.15,0.247,41.4
12.69,16.11,0.136,30.19
16.25,15.81,0.363,35.74
13.68,15.69,0.203,40.45
11.26,17.93,0.042,43.7
15.65,16.27,0.317,41.02
10.74,17.32,0.014,55.18
15.15,15.37,0.303,36.05
12.16,16.74,0.099,42.9
11.18,15.81,0.043,22.44
10.79,16.41,0.017,35.41
12.34,15.66,0.118,39.99
14.91,16.55,0.266,42.07
12.18,16.09,0.104,35.12
16.13,16.07,0.35,42.44
9.99,16.53,-0.031,33.25
15.79,16.56,0.32,40.25
13.92,18.29,0.187,35.65
13.43,17.01,0.172,37.47
15.16,16.55,0.282,43.08
11.45,16.51,0.057,45.75
13.57,18.1,0.169,52.28
8.17,17.72,-0.131,44.71
18.74,16.64,0.495,36.4
14.49,15.79,0.253,32.04
13.36,16.48,0.173,23.0
14.78,16.8,0.255,25.76
11.23,16.55,0.044,46.79
15.9,16.2,0.333,43.49
16.41,16.74,0.353,47.8
10.6,15.44,0.007,29.07
13.36,16.73,0.171,41.3
10.51,16.56,0.001,36.32
10.93,16.09,0.027,28.71
15.09,16.66,0.275,48.16
9.8,16.0,-0.044,36.57
12.05,15.82,0.098,37.39
13.55,16.25,0.188,42.64
13.64,18.26,0.172,28.92
17.58,16.51,0.429,52.11
11.25,15.92,0.047,30.75
13.49,15.99,0.187,39.65
16.31,16.8,0.346,40.05
8.52,17.29,-0.115,34.6
19.45,16.59,0.539,49.42
12.64,17.02,0.126,48.36
9.04,17.05,-0.085,35.6
15.87,15.78,0.341,39.15
13.4,16.33,0.178,29.71
14.32,15.72,0.243,36.59
17.52,15.7,0.447,42.35
21.81,18.61,0.608,46.37
10.73,16.8,0.013,53.02
15.13,15.84,0.292,43.11
14.54,16.45,0.245,38.5
12.08,16.72,0.095,45.15
13.03,16.28,0.156,29.44
6.78,19.31,-0.193,31.03
17.46,16.76,0.415,29.0
13.12,16.36,0.16,45.44
15.07,17.05,0.268,41.99
16.66,16.41,0.376,31.63
13.4,16.46,0.176,33.75
12.84,16.45,0.142,41.02
11.39,17.42,0.051,35.11
15.12,15.33,0.301,41.87
16.27,16.57,0.348,25.01
11.68,16.42,0.072,41.13
16.41,16.08,0.368,31.73
10.63,16.86,0.007,41.26
17.65,16.5,0.433,40.31
16.55,15.67,0.386,33.62
12.23,17.39,0.1,47.43
9.63,17.04,-0.051,41.44
15.07,17.39,0.263,47.63
12.55,16.91,0.121,36.32
9.49,18.35,-0.055,46.04
10.61,16.39,0.007,37.16
17.74,15.44,0.469,32.96
10.3,16.0,-0.012,28.01
12.45,15.97,0.122,42.93
15.41,16.88,0.291,35.49
11.15,16.28,0.04,40.63
18.19,16.35,0.471,35.58
12.88,16.94,0.141,35.09
12.84,17.2,0.136,31.67
11.75,17.38,0.072,44.23
10.56,16.53,0.003,33.08
13.31,16.5,0.17,46.47
16.93,16.85,0.382,28.91
13.93,16.33,0.21,47.58
15.76,17.3,0.304,40.11
13.13,15.82,0.166,38.13
12.93,16.33,0.149,40.58
11.36,16.61,0.052,40.68
7.62,17.41,-0.165,47.68
8.68,16.75,-0.109,42.9
12.43,16.71,0.115,40.6
18.6,16.53,0.49,39.29
10.5,17.01,-0.0,44.29
13.29,17.77,0.157,57.22
12.3,15.72,0.114,29.52
13.97,16.34,0.212,33.47
14.56,15.95,0.254,40.54
13.24,16.72,0.164,44.86
14.61,16.7,0.246,33.74
15.46,16.41,0.302,45.07
13.32,17.52,0.161,40.14
9.56,16.47,-0.057,37.75
12.78,16.44,0.139,27.21
16.58,16.04,0.379,42.16
11.03,15.57,0.034,36.03
18.22,16.9,0.457,47.18
11.97,15.88,0.093,34.1
14.85,16.72,0.26,47.41
12.62,16.26,0.13,32.38
16.9,17.51,0.366,28.55
12.23,15.71,0.11,39.14
15.87,15.24,0.352,28.83
12.39,15.68,0.121,37.02
14.35,16.83,0.229,33.63
14.67,15.85,0.263,42.75
15.44,16.7,0.296,31.41
14.96,18.09,0.247,39.51
13.5,17.28,0.174,43.91
11.69,16.51,0.072,32.79
13.14,16.17,0.164,38.84
16.37,16.57,0.354,43.42
13.19,15.36,0.175,31.89
12.92,17.14,0.141,52.71
17.88,15.63,0.472,37.92
12.59,16.71,0.125,32.38
18.49,16.03,0.498,37.89
19.17,15.86,0.547,41.6
17.16,15.38,0.433,39.81
13.47,15.52,0.192,30.87
13.36,17.2,0.166,34.85
13.07,16.14,0.159,43.04
12.77,16.35,0.139,28.53
13.6,15.38,0.202,30.96
14.16,17.37,0.211,46.29
12.69,19.55,0.112,38.71
12.45,17.28,0.113,43.47
13.86,16.8,0.2,36.58
11.63,18.57,0.061,51.11
11.81,15.71,0.083,38.15
17.13,16.69,0.398,41.05
14.98,16.53,0.271,35.42
11.06,15.91,0.035,36.34
15.47,16.05,0.31,43.47
12.1,17.0,0.094,42.97
14.92,17.03,0.259,39.01
12.59,18.38,0.114,40.09
14.89,16.56,0.265,44.19
12.58,17.99,0.116,42.73
8.22,16.38,-0.139,37.66
13.23,17.14,0.159,43.73
14.89,16.77,0.262,46.04
16.48,16.87,0.354,47.64
13.33,16.42,0.172,44.49
14.54,17.29,0.234,29.44
10.55,16.48,0.003,43.5
15.02,16.19,0.279,30.16
13.96,16.68,0.208,44.8
14.62,17.11,0.241,43.05
14.88,16.11,0.272,27.52
15.03,15.79,0.287,35.47
12.41,16.48,0.116,36.56
9.27,18.79,-0.065,58.99
12.15,15.43,0.107,27.93
12.67,16.41,0.132,43.61
11.52,16.77,0.061,46.85
15.12,17.08,0.27,39.57
16.48,16.24,0.368,33.11
15.24,16.64,0.285,41.86
13.26,18.19,0.151,55.01
12.3,17.84,0.101,48.43
18.1,15.74,0.483,32.27
11.7,15.6,0.077,30.9
12.45,16.44,0.119,43.31
12.45,15.85,0.123,42.38
18.76,16.76,0.493,32.86
12.46,16.76,0.117,39.07
12.68,18.47,0.118,44.43
8.94,17.97,-0.087,23.6
12.13,16.72,0.098,32.76
13.88,17.32,0.195,41.39
12.67,16.98,0.128,37.75
8.54,18.34,-0.107,47.05
10.69,16.91,0.011,37.46
12.91,16.18,0.149,36.6
14.63,15.99,0.258,31.83
8.69,18.28,-0.099,51.41
14.82,16.95,0.255,36.71
12.56,16.72,0.123,42.09
14.9,16.1,0.273,33.83
13.36,15.66,0.182,34.27
13.82,19.24,0.172,48.33
12.87,15.99,0.148,37.03
16.69,16.54,0.374,43.74
13.95,16.55,0.209,45.87
15.11,16.61,0.277,44.17
11.55,17.61,0.06,47.77
10.18,16.23,-0.019,42.97
13.2,17.11,0.158,38.22
12.04,16.22,0.095,39.35
18.5,16.66,0.481,47.4
14.03,16.49,0.214,44.98
15.46,18.11,0.274,31.2
12.88,15.59,0.153,43.66
15.72,18.59,0.281,47.11
9.75,16.94,-0.045,42.45
14.34,17.42,0.22,40.59
13.8,15.99,0.206,43.22
15.41,16.72,0.294,39.97
16.05,17.9,0.31,46.99
11.38,16.6,0.053,44.13
15.85,15.3,0.35,35.63
14.56,17.41,0.233,38.99
12.81,17.67,0.131,43.21
11.24,17.41,0.043,49.46
10.97,17.85,0.026,36.14
14.35,15.85,0.243,37.09
14.31,17.3,0.22,37.16
14.35,15.75,0.245,35.56
15.18,15.71,0.298,34.61
11.26,15.35,0.049,30.96
12.52,16.18,0.125,41.76
16.89,16.67,0.383,37.93
12.44,17.01,0.114,40.42
17.88,15.26,0.484,37.05
16.14,16.48,0.342,29.04
14.47,16.59,0.239,42.07
12.32,17.23,0.105,38.73
14.38,17.64,0.22,56.63
19.33,16.0,0.552,38.68
9.91,16.78,-0.035,36.59
19.65,17.02,0.538,36.56
15.94,17.25,0.315,34.77
11.63,16.78,0.068,45.54
10.54,16.76,0.002,36.41
12.64,18.32,0.117,43.44
12.3,16.21,0.111,48.89
13.63,17.6,0.178,41.53
14.81,17.1,0.252,45.44
13.45,15.55,0.19,33.82
15.08,16.43,0.278,41.91
11.92,17.18,0.083,39.65
15.81,16.2,0.328,47.33
13.84,17.1,0.195,37.01
13.37,16.36,0.176,46.33
14.96,15.98,0.279,33.85
9.85,16.29,-0.04,28.56
12.84,16.6,0.141,42.44
13.76,17.1,0.19,41.61
17.13,16.32,0.406,38.88
10.85,16.23,0.022,37.49
13.44,16.52,0.178,41.46
11.48,16.05,0.061,31.65
15.95,16.09,0.339,27.88
12.2,16.83,0.101,27.93
11.59,19.08,0.057,40.37
12.31,16.55,0.109,55.4
13.45,15.27,0.193,37.39
11.92,16.01,0.089,44.73
11.97,16.5,0.089,47.51
14.84,16.4,0.265,39.1
14.42,15.22,0.257,29.85
14.28,18.12,0.209,36.06
15.2,16.58,0.283,49.91
12.52,16.4,0.123,43.71
12.22,15.58,0.111,38.6
18.04,16.34,0.461,43.51
10.47,16.14,-0.002,37.24
11.15,17.44,0.038,32.81
10.55,17.72,0.003,35.09
18.66,17.43,0.468,41.24
12.62,16.17,0.131,39.67
15.86,16.34,0.328,36.87
13.49,17.42,0.172,36.94
15.2,16.33,0.288,36.94
11.0,16.18,0.031,37.99
13.53,17.86,0.17,35.83
15.22,15.78,0.299,38.51
12.05,16.78,0.092,37.93
11.36,16.57,0.052,38.08
9.97,16.41,-0.032,25.9
14.92,16.2,0.273,51.68
10.49,16.41,-0.0,39.49
13.62,17.77,0.175,46.24
8.48,18.2,-0.111,37.51
12.66,15.17,0.142,37.34
14.11,16.41,0.22,39.09
11.77,15.8,0.081,33.01
16.47,15.44,0.386,38.86
18.82,15.82,0.526,34.41
18.02,16.8,0.448,41.04
12.31,17.74,0.102,35.02
15.95,16.45,0.331,37.79
14.31,16.64,0.229,34.85
12.74,16.42,0.136,28.31
14.15,15.97,0.229,32.31
16.09,15.33,0.365,29.88
11.54,17.62,0.059,43.85
15.14,17.09,0.271,47.59
11.05,17.01,0.033,32.06
12.12,17.42,0.093,41.73
9.17,16.85,-0.079,43.0
9.03,16.69,-0.088,39.4
14.0,16.04,0.218,37.85
13.94,18.9,0.182,38.08
11.35,17.18,0.05,46.8
14.0,16.09,0.218,33.15
15.95,17.84,0.306,42.06
12.83,16.18,0.144,42.95
16.7,15.95,0.389,33.41
14.66,15.98,0.261,43.89
10.47,16.83,-0.001,50.96
11.04,15.93,0.034,43.75
13.49,16.31,0.183,40.68
14.78,15.42,0.278,38.04
9.58,16.83,-0.054,44.51
13.04,16.46,0.154,35.89
13.71,16.37,0.196,26.31
12.26,16.91,0.104,34.75
10.57,17.16,0.004,37.97
18.41,17.38,0.455,48.56
15.42,17.57,0.28,50.3
11.98,16.86,0.088,42.71
13.28,17.41,0.16,44.77
11.16,16.12,0.041,44.49
12.31,16.26,0.111,39.33
17.28,16.77,0.404,23.68
13.08,15.99,0.161,41.17
11.73,17.73,0.069,35.46
13.08,16.44,0.157,38.55
10.84,16.88,0.02,39.26
16.91,16.43,0.391,39.44
13.57,18.67,0.165,35.19
13.2,18.07,0.15,40.92
11.7,15.9,0.075,37.82
9.96,16.08,-0.033,37.9
15.18,15.92,0.294,41.68
14.21,15.72,0.236,42.89
10.38,15.83,-0.007,34.32
11.04,17.16,0.032,39.6
11.84,16.29,0.082,40.21
17.07,17.1,0.384,40.19
10.18,16.45,-0.019,30.69
13.69,16.54,0.193,29.8
20.37,16.21,0.609,41.53
14.83,16.67,0.26,37.15
11.29,18.49,0.043,28.78
10.77,16.35,0.017,25.31
12.18,16.52,0.102,33.31
15.56,15.67,0.323,35.29
14.05,17.0,0.209,41.16
12.98,16.97,0.146,24.44
14.23,16.46,0.227,44.9
14.29,16.62,0.228,42.03
15.28,15.91,0.301,44.1
15.67,17.32,0.299,43.65
14.77,16.86,0.253,45.81
13.27,17.15,0.162,44.33
13.03,17.89,0.141,49.29
13.36,15.44,0.185,38.46
19.52,16.56,0.545,27.56
17.02,17.55,0.372,37.43
12.71,16.9,0.131,39.62
15.16,15.57,0.299,33.91
13.25,18.01,0.153,29.96
12.45,16.79,0.116,50.46
14.58,16.19,0.252,37.95
14.22,15.26,0.244,35.93
15.88,17.17,0.313,50.86
14.92,17.44,0.254,42.39
12.2,15.97,0.107,27.67
14.45,17.99,0.22,43.55
12.6,15.73,0.133,35.57
14.09,16.78,0.214,40.8
17.27,15.22,0.445,34.3
15.96,17.29,0.316,37.42
11.15,18.05,0.036,49.4
10.23,18.74,-0.015,30.94
12.37,16.64,0.113,38.0
12.48,16.5,0.12,41.81
11.83,17.85,0.074,41.05
12.91,16.57,0.146,38.17
14.37,15.91,0.243,42.05
14.98,16.76,0.267,36.11
14.67,15.75,0.265,33.56
16.85,16.03,0.396,31.27
14.49,16.07,0.248,42.68
15.87,16.93,0.317,35.56
14.08,17.56,0.204,46.02
11.19,15.8,0.044,37.21
17.63,16.81,0.424,23.52
16.22,15.51,0.369,34.2
17.16,17.1,0.39,47.17
12.36,16.19,0.115,36.55
13.68,15.31,0.208,36.71
13.35,16.3,0.175,51.21
16.06,16.08,0.346,35.32
14.13,16.98,0.214,39.69
9.26,15.84,-0.078,33.79
17.35,16.51,0.415,44.24
17.11,16.9,0.391,36.93
10.54,17.59,0.002,46.52
17.61,15.89,0.447,26.71
10.53,16.15,0.002,42.96
12.5,16.59,0.121,50.58
16.71,16.44,0.378,44.06
17.15,17.51,0.38,58.7
11.98,16.05,0.092,42.12
14.25,17.15,0.219,32.13
11.86,17.58,0.078,34.23
12.28,17.12,0.104,44.39
15.97,16.73,0.327,42.73
13.6,15.35,0.202,37.77
10.88,16.43,0.023,38.32
16.15,16.84,0.336,50.3
17.54,15.67,0.449,32.82
13.35,18.64,0.153,49.09
12.84,18.36,0.128,45.52
12.06,16.3,0.096,41.1
13.99,16.61,0.21,45.07
16.32,16.78,0.347,36.41
14.16,17.08,0.214,33.57
14.31,15.68,0.243,34.19
14.54,18.69,0.216,51.18
13.03,18.09,0.14,44.84
12.12,17.09,0.095,38.91
14.34,15.65,0.246,41.33
13.72,17.32,0.186,42.74
15.13,15.14,0.306,38.47
19.1,15.32,0.562,19.44
9.79,18.37,-0.039,53.28
13.68,16.22,0.196,36.84
13.13,16.32,0.161,32.5
14.18,15.75,0.233,40.87
8.87,19.26,-0.085,51.13
9.99,18.54,-0.028,64.45
11.34,18.39,0.045,51.04
11.27,16.93,0.045,50.52
14.36,15.73,0.245,33.79
14.25,16.51,0.227,35.43
9.5,16.45,-0.061,37.82
13.66,15.73,0.201,43.22
15.0,16.83,0.267,28.89
12.7,16.41,0.134,40.34
14.57,18.0,0.226,30.58
12.25,16.78,0.104,37.49
8.63,17.48,-0.107,45.89
15.92,16.49,0.329,26.2
9.29,18.15,-0.066,36.91
11.43,18.19,0.051,46.7
14.09,18.54,0.194,44.35
16.25,15.81,0.364,35.85
15.38,17.02,0.286,40.72
11.43,16.98,0.055,37.51
13.26,16.85,0.164,35.48
14.59,15.81,0.258,43.11
14.19,15.65,0.236,26.95
17.05,15.44,0.424,31.95
13.39,17.46,0.165,45.17
15.0,15.97,0.282,42.33
11.9,16.28,0.086,43.85
13.61,15.45,0.201,39.25
15.63,16.25,0.316,34.29
14.62,16.22,0.254,25.28
12.96,17.51,0.141,48.2
15.7,16.72,0.311,41.22
16.42,16.99,0.348,55.03
16.47,16.5,0.362,41.57
13.03,16.03,0.158,37.02
15.22,16.13,0.293,35.69
12.84,16.75,0.14,38.12
12.18,15.52,0.108,31.11
15.0,16.47,0.273,30.0
11.9,16.98,0.083,44.02
12.21,15.85,0.108,32.67
15.63,17.39,0.295,42.88
14.73,15.85,0.267,46.75
12.21,15.88,0.108,40.91
17.74,16.34,0.443,44.25
16.62,17.94,0.341,41.31
13.4,16.91,0.172,37.45
10.28,15.85,-0.014,31.61
13.24,16.13,0.17,45.16
13.36,16.5,0.173,39.91
10.04,17.56,-0.026,51.66
13.09,15.69,0.165,37.29
13.29,16.11,0.174,41.49
17.31,16.45,0.414,20.74
12.79,15.76,0.146,26.14
12.53,18.02,0.113,51.63
14.19,16.18,0.228,30.53
17.84,17.43,0.421,37.26
11.39,17.24,0.051,42.94
15.54,16.42,0.307,35.46
13.66,17.96,0.176,35.57
12.08,16.58,0.096,34.62
13.49,16.56,0.18,41.43
13.89,16.06,0.211,44.01
14.84,17.35,0.25,41.04
15.2,17.74,0.265,48.0
10.43,16.42,-0.004,31.52
13.92,16.41,0.208,38.26
14.98,16.23,0.276,43.84
12.11,18.02,0.089,44.08
12.54,16.51,0.124,47.78
13.91,17.56,0.194,38.04
13.84,15.58,0.214,37.73
13.42,15.71,0.186,46.18
11.27,16.31,0.047,33.65
11.13,19.2,0.033,47.21
14.08,17.48,0.205,29.63
14.32,16.67,0.229,38.08
19.63,17.11,0.534,29.99
12.0,16.94,0.089,46.22
14.27,16.22,0.232,39.16
13.7,16.25,0.197,40.74
9.85,18.09,-0.036,44.53
10.6,17.81,0.006,42.22
13.7,16.41,0.195,27.07
13.76,16.63,0.196,30.76
13.32,15.68,0.18,41.48
11.45,16.19,0.059,40.09
14.99,18.45,0.243,51.42
16.21,15.51,0.368,42.47
13.83,16.78,0.198,43.12
14.44,15.73,0.251,45.78
8.91,17.42,-0.091,39.25
16.22,15.71,0.364,43.4
13.19,16.29,0.165,36.85
13.65,16.89,0.187,34.12
15.22,16.44,0.287,44.67
11.1,16.11,0.037,45.75
9.47,16.9,-0.061,42.95
17.23,16.13,0.417,38.92
13.47,15.55,0.191,33.1
13.15,16.39,0.162,32.15
12.71,16.46,0.134,33.94
16.31,17.29,0.336,25.7
14.15,15.39,0.237,33.35
16.26,15.26,0.377,27.47
11.8,15.98,0.081,31.1
16.72,15.83,0.393,36.48
11.59,15.65,0.069,29.88
16.01,15.5,0.355,36.31
16.16,15.77,0.359,40.34
12.93,16.24,0.15,26.78
14.22,15.69,0.237,44.04
15.18,16.74,0.279,39.33
12.98,17.44,0.142,42.59
13.27,16.62,0.167,31.45
12.84,16.38,0.143,41.64
14.54,16.09,0.251,41.16
14.35,16.72,0.23,51.08
12.92,15.22,0.159,38.47
19.68,16.03,0.573,41.39
12.44,15.35,0.126,40.37
12.38,15.95,0.118,44.01
14.34,16.34,0.235,39.73
15.2,15.61,0.301,27.97
11.71,17.21,0.071,42.77
10.43,16.68,-0.004,34.08
16.52,17.79,0.338,51.01
15.45,17.56,0.282,33.42
16.17,16.79,0.338,50.42
14.52,16.2,0.248,37.75
12.16,15.74,0.105,30.01
14.29,15.76,0.241,45.33
12.35,16.89,0.109,34.47
17.92,15.74,0.471,33.19
11.63,16.97,0.067,32.2
15.31,16.3,0.295,52.3
11.83,17.32,0.077,43.3
16.66,15.3,0.403,31.29
10.75,16.29,0.016,30.94
17.38,16.26,0.423,35.41
11.68,17.95,0.066,42.26
14.14,17.29,0.211,32.57
13.45,16.13,0.183,46.9
14.48,16.37,0.243,37.0
10.54,16.48,0.002,45.58
15.64,15.5,0.332,41.9
12.62,16.21,0.131,41.87
13.47,17.42,0.171,48.73
14.05,16.64,0.213,36.98
17.81,16.18,0.452,40.51
9.12,17.18,-0.08,43.21
11.21,15.77,0.045,34.13
10.95,17.29,0.026,37.79
12.56,15.52,0.133,30.11
14.65,16.56,0.251,42.28
15.9,15.77,0.342,39.91
11.42,17.89,0.052,35.83
15.03,16.29,0.278,30.75
13.7,18.03,0.177,36.64
14.38,15.67,0.248,36.32
16.17,16.52,0.343,43.0
16.89,17.03,0.375,43.79
15.95,16.02,0.34,45.36
10.55,17.67,0.003,47.43
14.68,16.47,0.254,39.7
14.71,17.4,0.242,41.71
12.6,17.12,0.123,48.85
16.65,18.3,0.336,38.23
11.52,15.64,0.065,34.91
12.23,16.74,0.104,47.14
10.03,16.87,-0.028,34.28
17.54,15.72,0.448,26.97
15.26,15.97,0.298,47.96
15.16,18.29,0.255,33.85
11.1,17.68,0.034,43.7
18.35,17.35,0.452,48.15
7.61,17.0,-0.17,42.05
10.58,18.12,0.005,33.46
11.36,16.93,0.051,37.95
10.56,16.64,0.004,41.98
15.15,16.42,0.283,41.2
17.96,16.31,0.457,36.14
10.17,16.39,-0.02,37.89
13.14,15.53,0.17,24.87
9.54,17.83,-0.054,36.66
14.62,15.6,0.264,37.8
12.22,16.16,0.107,37.72
9.55,16.15,-0.059,28.72
14.13,15.96,0.227,34.42
14.42,16.79,0.234,39.5
13.62,15.24,0.205,25.07
14.46,19.19,0.206,60.9
11.28,17.18,0.045,45.59
13.18,16.56,0.162,37.9
14.31,16.44,0.232,34.64
12.74,18.79,0.119,39.33
12.14,16.95,0.097,29.97
13.16,16.47,0.162,40.29
10.75,16.33,0.015,36.97
15.84,16.93,0.315,19.44
16.37,16.58,0.354,39.62
14.19,16.41,0.225,42.41
15.15,17.29,0.269,38.34
16.66,16.32,0.378,42.22
16.32,15.68,0.371,42.76
14.57,15.43,0.264,42.58
12.49,17.53,0.113,48.18
12.81,17.67,0.13,33.47
11.27,16.72,0.046,44.09
10.96,16.32,0.028,43.03
13.8,15.84,0.208,43.93
12.28,16.97,0.105,38.38
14.08,15.78,0.227,46.33
16.01,16.42,0.336,36.17
16.8,17.27,0.365,30.36
14.43,15.43,0.255,37.99
13.05,16.33,0.156,40.75
16.08,17.49,0.319,42.2
11.27,16.21,0.048,38.64
14.41,16.66,0.235,38.18
8.71,17.44,-0.103,39.96
13.89,16.77,0.202,42.28
16.12,15.69,0.358,34.47
15.62,16.93,0.303,48.26
15.83,16.48,0.323,40.79
17.08,15.9,0.414,37.57
10.58,17.44,0.005,40.07
15.28,19.24,0.248,40.95
15.75,16.26,0.323,40.6
9.99,18.65,-0.028,46.85
16.93,16.66,0.386,47.69
13.94,17.47,0.197,47.0
9.89,16.9,-0.036,37.0
8.28,16.69,-0.133,41.98
15.02,15.96,0.283,32.51
14.37,15.22,0.254,38.99
13.3,16.45,0.17,34.67
14.27,15.96,0.236,34.42
13.43,16.55,0.177,38.86
12.88,15.95,0.149,47.87
13.58,16.65,0.185,44.04
16.33,16.24,0.359,36.52
14.49,15.69,0.254,38.72
14.88,16.88,0.26,43.49
15.5,15.46,0.323,43.26
16.17,16.52,0.343,35.8
15.17,16.39,0.285,36.47
14.97,17.62,0.253,43.78
10.8,16.83,0.018,37.23
14.52,17.63,0.228,51.45
14.21,15.91,0.233,45.36
16.81,15.55,0.406,37.63
11.35,16.42,0.052,41.64
8.74,17.04,-0.103,49.71
15.9,16.54,0.327,45.03
14.14,16.43,0.221,46.71
17.07,15.35,0.428,36.77
16.01,16.35,0.337,30.45
14.23,16.42,0.227,46.3
11.19,16.3,0.042,39.8
10.75,16.09,0.015,37.49
12.91,16.14,0.149,38.06
16.36,16.12,0.364,49.38
12.09,17.37,0.091,35.18
13.4,16.28,0.178,36.67
14.99,17.1,0.263,36.34
15.53,16.83,0.299,25.38
12.39,15.87,0.119,38.46
14.22,16.2,0.23,41.33
14.21,15.68,0.236,42.61
10.63,16.33,0.008,35.2
15.37,16.39,0.297,36.45
9.07,17.74,-0.081,37.91
13.68,15.63,0.203,24.16
17.28,16.21,0.418,43.82
18.58,15.54,0.52,33.05
15.76,15.08,0.349,30.0
13.83,16.49,0.202,40.15
13.76,16.99,0.192,33.08
13.85,16.26,0.206,36.5
15.61,15.62,0.327,29.29
13.75,15.32,0.212,29.14
14.79,17.45,0.246,27.71
21.42,15.85,0.689,42.9
14.2,15.7,0.236,35.32
14.99,15.35,0.292,31.65
17.27,16.89,0.401,28.12
14.81,17.13,0.252,41.65
12.54,16.86,0.121,58.31
14.68,17.97,0.232,34.32
16.75,16.22,0.385,40.02
14.15,17.25,0.212,50.87
9.93,16.51,-0.035,42.08
9.51,18.3,-0.054,32.05
16.72,15.36,0.405,31.48
12.73,16.38,0.136,39.81
8.7,17.24,-0.104,44.65
14.69,16.7,0.251,44.04
15.71,16.55,0.314,37.42
18.63,15.37,0.529,34.96
9.42,17.0,-0.064,35.51
13.81,15.88,0.208,42.68
12.46,17.04,0.115,39.66
13.2,16.27,0.166,31.65
12.49,16.78,0.119,43.82
13.83,16.09,0.207,29.56
11.64,15.42,0.074,34.12
13.09,16.93,0.153,42.85
13.01,18.17,0.138,38.7
11.35,16.8,0.051,48.84
16.53,16.07,0.375,48.07
12.8,15.27,0.151,36.36
10.98,16.35,0.029,32.54
9.95,17.05,-0.032,51.35
15.41,15.41,0.319,39.74
11.02,15.51,0.034,31.08
11.33,17.06,0.049,38.08
12.37,16.41,0.114,41.8
16.0,16.21,0.339,37.4
13.03,15.4,0.164,39.44
11.79,16.49,0.078,41.42
17.22,16.07,0.418,42.3
12.24,17.9,0.097,52.46
16.56,16.92,0.358,44.92
15.05,17.04,0.267,43.07
13.47,16.54,0.18,30.84
13.77,15.84,0.207,34.62
16.1,15.85,0.354,36.47
11.14,16.92,0.038,38.57
12.58,16.46,0.126,37.82
14.4,16.64,0.234,39.07
15.6,15.73,0.324,41.91
9.04,19.07,-0.076,31.36
16.47,15.97,0.374,43.96
12.45,17.2,0.114,36.81
12.51,17.65,0.114,34.18
19.36,16.67,0.532,44.02
12.35,15.9,0.117,44.1
16.08,18.08,0.309,41.29
17.25,15.94,0.424,27.57
14.95,16.34,0.272,43.44
7.63,18.04,-0.159,46.08
10.83,15.85,0.021,43.04
14.12,16.73,0.216,37.31
18.19,15.71,0.489,35.31
11.62,20.07,0.056,52.45
17.73,16.39,0.441,32.54
8.37,17.41,-0.122,36.47
16.25,15.62,0.368,29.07
16.05,15.7,0.354,29.4
14.12,15.26,0.237,39.26
12.43,16.04,0.12,40.46
14.16,17.25,0.212,30.01
15.16,17.07,0.273,33.41
14.71,16.23,0.259,29.66
14.22,15.82,0.235,41.94
12.04,16.67,0.092,45.82
13.69,17.29,0.184,38.9
13.03,16.27,0.155,44.45
16.59,15.88,0.383,35.6
11.42,15.49,0.06,34.65
12.72,17.42,0.128,55.15
12.64,16.35,0.131,38.69
10.82,16.09,0.02,39.58
13.81,15.96,0.207,38.25
11.8,16.96,0.077,37.65
11.51,16.04,0.063,33.64
15.28,17.43,0.274,37.31
14.05,16.29,0.218,40.23
15.65,18.41,0.28,31.17
10.05,16.23,-0.028,43.24
13.07,18.22,0.141,47.13
11.63,16.26,0.069,41.59
16.22,15.9,0.36,33.19
15.97,17.35,0.315,39.26
12.84,17.32,0.135,40.32
14.63,16.29,0.253,35.25
12.71,16.47,0.134,31.39
14.71,16.15,0.26,31.63
12.77,16.35,0.139,39.33
14.54,17.03,0.237,28.51
12.9,16.75,0.143,28.63
12.85,16.34,0.144,35.65
13.56,15.78,0.194,40.52
11.28,17.58,0.044,52.94
13.89,16.19,0.209,22.74
11.31,17.3,0.047,43.62
16.56,15.88,0.381,42.55
11.33,16.29,0.051,35.11
10.18,17.56,-0.018,47.07
11.46,16.79,0.057,35.04
10.95,17.48,0.026,44.82
10.64,16.6,0.008,45.24
11.15,17.99,0.036,49.83
12.48,16.05,0.123,37.49
8.48,16.41,-0.123,34.97
18.44,16.74,0.474,30.1
14.42,16.43,0.239,39.48
10.37,17.4,-0.007,35.3
13.19,16.01,0.168,46.12
14.06,16.24,0.219,45.36
13.76,15.53,0.21,38.18
16.5,15.64,0.384,38.53
8.81,16.66,-0.102,42.74
10.36,17.25,-0.008,46.67
14.24,16.48,0.227,36.05
17.67,18.16,0.395,35.14
11.0,16.51,0.03,42.94
11.7,16.05,0.075,37.82
9.68,17.05,-0.048,42.09
15.52,15.98,0.314,28.83
15.97,16.1,0.34,30.89
14.99,15.9,0.282,41.71
12.24,18.5,0.094,48.59
13.84,16.14,0.207,33.02
8.53,20.09,-0.098,41.44
10.73,17.6,0.013,38.87
17.7,17.6,0.409,35.3
18.89,16.52,0.508,42.0
12.7,16.68,0.132,37.39
11.85,15.92,0.085,38.16
12.9,16.23,0.148,43.16
13.1,17.23,0.151,46.11
10.84,16.33,0.021,45.1
12.51,16.42,0.122,25.23
15.65,16.97,0.303,41.68
14.52,15.97,0.252,40.48
11.77,16.94,0.075,43.19
11.0,18.89,0.026,47.46
17.92,15.91,0.466,40.5
14.55,15.85,0.255,31.3
16.42,16.88,0.351,42.76
13.14,15.31,0.173,26.38
10.82,18.31,0.017,52.49
12.87,16.12,0.147,44.89
13.98,16.91,0.206,32.36
15.37,15.71,0.31,31.65
13.77,17.21,0.19,36.45
13.8,16.66,0.198,41.65
12.42,16.59,0.116,44.56
15.76,17.15,0.307,35.58
15.73,15.59,0.335,37.09
13.82,17.62,0.188,37.51
14.33,16.85,0.227,42.2
15.43,16.01,0.308,39.04
10.56,18.27,0.003,47.46
17.97,15.63,0.478,29.99
16.45,16.12,0.369,34.86
13.07,16.72,0.154,47.32
17.02,16.0,0.408,39.15
11.96,16.31,0.089,36.66
15.34,16.32,0.297,36.84
13.89,15.89,0.213,31.22
13.74,15.02,0.216,34.73
9.42,18.78,-0.057,43.34
17.52,15.11,0.465,37.55
13.16,16.85,0.158,41.05
15.4,16.03,0.305,36.29
14.65,16.92,0.245,42.82
9.19,18.21,-0.072,54.7
16.26,16.27,0.354,39.25
13.77,16.48,0.198,51.72
17.9,16.28,0.454,34.33
11.99,15.58,0.095,39.76
8.7,17.64,-0.102,38.26
15.74,16.99,0.309,44.55
14.17,16.32,0.225,37.26
11.18,17.55,0.039,33.17
12.66,17.3,0.125,46.05
10.13,16.33,-0.023,32.58
16.17,15.82,0.358,41.34
16.12,16.73,0.336,32.57
11.12,17.2,0.036,36.67
13.1,17.79,0.146,48.91
10.08,18.26,-0.023,41.43
14.64,16.35,0.253,33.93
13.57,15.47,0.199,38.16
11.89,16.66,0.083,50.23
12.57,16.45,0.126,45.44
14.59,16.69,0.245,41.74
14.41,15.52,0.252,37.51
13.43,16.35,0.179,36.55
15.75,16.54,0.317,40.69
17.35,17.0,0.403,49.67
14.11,17.14,0.211,50.42
17.53,17.41,0.404,41.91
14.21,17.4,0.213,48.45
9.42,17.69,-0.061,52.17
11.71,16.07,0.075,33.13
14.28,16.14,0.234,47.78
14.45,16.01,0.247,36.25
14.76,17.29,0.247,39.61
16.49,17.76,0.337,47.57
15.72,15.75,0.332,44.67
12.17,16.19,0.103,30.43
14.51,15.71,0.256,35.64
12.62,15.9,0.133,47.09
9.88,17.06,-0.037,32.81
18.55,17.79,0.452,46.92
9.95,15.72,-0.035,27.11
14.54,16.76,0.241,34.81
13.46,16.93,0.175,47.67
9.17,16.44,-0.081,33.98
9.24,16.38,-0.077,32.07
11.24,17.18,0.043,45.35
12.57,16.35,0.127,47.99
12.11,16.72,0.096,34.44
19.94,17.64,0.535,42.52
12.32,16.93,0.107,47.49
11.96,16.29,0.09,50.23
