Ticker,Empresa,Setor,Intensidade_Carbono_Ativo,Peso_Carteira_Tradicional_%,Peso_Carteira_Min_Vol_%,Peso_Carteira_GreenAlpha_ESG_%
ITUB4.SA,Itau Unibanco,Financeiro,1.8,10.3,18.22,25.03
WEGE3.SA,WEG,Bens Industriais,8.4,0.0,9.71,0.0
RENT3.SA,Localiza,Consumo Ciclico,9.2,30.0,16.81,30.0
CPFE3.SA,CPFL Energia,Utilidade Publica,14.5,0.0,16.4,5.58
EQTL3.SA,Equatorial Energia,Utilidade Publica,18.2,30.0,8.32,30.0
KLBN11.SA,Klabin,Materiais Basicos,38.5,0.0,0.0,0.0
SUZB3.SA,Suzano,Materiais Basicos,48.0,0.7,10.64,0.0
VBBR3.SA,Vibra Energia,Petroleo & Biocombustiveis,54.0,0.0,10.41,0.0
VALE3.SA,Vale,Materiais Basicos,88.0,0.0,0.0,0.0
PETR4.SA,Petrobras,Petroleo & Gas,112.0,29.0,9.5,9.39
